Workbook

Sheet What-If Analysis
A1: Feature Prioritization: Scenario & What-If Analysis
A2: Compare feature priority scores and rankings across different stakeholder weighting scenarios.
A4: 1. Scenario Weight Configurations
A5: Scenario Name | B5: Feedback Weight (W_f) | C5: Business Weight (W_b) | D5: Sentiment Weight (W_s) | E5: Total Weight
A6: Default (Baseline) | B6: 0.5 | C6: 0.3 | D6: 0.2 | E6: =SUM(B6:D6)
A7: Scenario 1: Customer-First | B7: 0.6 | C7: 0.2 | D7: 0.2 | E7: =SUM(B7:D7)
A8: Scenario 2: Business-First | B8: 0.3 | C8: 0.5 | D8: 0.2 | E8: =SUM(B8:D8)
A9: Scenario 3: Balanced Mix | B9: 0.4 | C9: 0.4 | D9: 0.2 | E9: =SUM(B9:D9)
A11: 2. Feature Scoring & Multi-Scenario Comparison
A12: Feature ID | B12: Feature Name | C12: Feedback Count | D12: Business Value | E12: Sentiment Score | F12: Default Score | G12: Default Rank | H12: Cust-First Score | I12: Cust-First Rank | J12: Biz-First Score | K12: Biz-First Rank | L12: Balanced Score | M12: Balanced Rank
A13: FEAT-101 | B13: AI Automated Ticket Routing | C13: 92 | D13: 9.5 | E13: 8.5 | F13: =(C13*$B$6)+(D13*$C$6)+(E13*$D$6) | G13: =RANK(F13, $F$13:$F$22) | H13: =(C13*$B$7)+(D13*$C$7)+(E13*$D$7) | I13: =RANK(H13, $H$13:$H$22) | J13: =(C13*$B$8)+(D13*$C$8)+(E13*$D$8) | K13: =RANK(J13, $J$13:$J$22) | L13: =(C13*$B$9)+(D13*$C$9)+(E13*$D$9) | M13: =RANK(L13, $L$13:$L$22)
A14: FEAT-102 | B14: Dark Mode UI Theme | C14: 85 | D14: 4 | E14: 9 | F14: =(C14*$B$6)+(D14*$C$6)+(E14*$D$6) | G14: =RANK(F14, $F$13:$F$22) | H14: =(C14*$B$7)+(D14*$C$7)+(E14*$D$7) | I14: =RANK(H14, $H$13:$H$22) | J14: =(C14*$B$8)+(D14*$C$8)+(E14*$D$8) | K14: =RANK(J14, $J$13:$J$22) | L14: =(C14*$B$9)+(D14*$C$9)+(E14*$D$9) | M14: =RANK(L14, $L$13:$L$22)
A15: FEAT-103 | B15: SSO & Enterprise SAML Integration | C15: 45 | D15: 9.8 | E15: 6 | F15: =(C15*$B$6)+(D15*$C$6)+(E15*$D$6) | G15: =RANK(F15, $F$13:$F$22) | H15: =(C15*$B$7)+(D15*$C$7)+(E15*$D$7) | I15: =RANK(H15, $H$13:$H$22) | J15: =(C15*$B$8)+(D15*$C$8)+(E15*$D$8) | K15: =RANK(J15, $J$13:$J$22) | L15: =(C15*$B$9)+(D15*$C$9)+(E15*$D$9) | M15: =RANK(L15, $L$13:$L$22)
A16: FEAT-104 | B16: Custom Dashboard Widgets | C16: 78 | D16: 7.5 | E16: 7.8 | F16: =(C16*$B$6)+(D16*$C$6)+(E16*$D$6) | G16: =RANK(F16, $F$13:$F$22) | H16: =(C16*$B$7)+(D16*$C$7)+(E16*$D$7) | I16: =RANK(H16, $H$13:$H$22) | J16: =(C16*$B$8)+(D16*$C$8)+(E16*$D$8) | K16: =RANK(J16, $J$13:$J$22) | L16: =(C16*$B$9)+(D16*$C$9)+(E16*$D$9) | M16: =RANK(L16, $L$13:$L$22)
A17: FEAT-105 | B17: Export Data to CSV/Excel | C17: 95 | D17: 5.5 | E17: 8 | F17: =(C17*$B$6)+(D17*$C$6)+(E17*$D$6) | G17: =RANK(F17, $F$13:$F$22) | H17: =(C17*$B$7)+(D17*$C$7)+(E17*$D$7) | I17: =RANK(H17, $H$13:$H$22) | J17: =(C17*$B$8)+(D17*$C$8)+(E17*$D$8) | K17: =RANK(J17, $J$13:$J$22) | L17: =(C17*$B$9)+(D17*$C$9)+(E17*$D$9) | M17: =RANK(L17, $L$13:$L$22)
A18: FEAT-106 | B18: API Rate Limit Management | C18: 30 | D18: 8.5 | E18: 5.5 | F18: =(C18*$B$6)+(D18*$C$6)+(E18*$D$6) | G18: =RANK(F18, $F$13:$F$22) | H18: =(C18*$B$7)+(D18*$C$7)+(E18*$D$7) | I18: =RANK(H18, $H$13:$H$22) | J18: =(C18*$B$8)+(D18*$C$8)+(E18*$D$8) | K18: =RANK(J18, $J$13:$J$22) | L18: =(C18*$B$9)+(D18*$C$9)+(E18*$D$9) | M18: =RANK(L18, $L$13:$L$22)
A19: FEAT-107 | B19: Mobile App Push Notifications | C19: 68 | D19: 6.8 | E19: 7.2 | F19: =(C19*$B$6)+(D19*$C$6)+(E19*$D$6) | G19: =RANK(F19, $F$13:$F$22) | H19: =(C19*$B$7)+(D19*$C$7)+(E19*$D$7) | I19: =RANK(H19, $H$13:$H$22) | J19: =(C19*$B$8)+(D19*$C$8)+(E19*$D$8) | K19: =RANK(J19, $J$13:$J$22) | L19: =(C19*$B$9)+(D19*$C$9)+(E19*$D$9) | M19: =RANK(L19, $L$13:$L$22)
A20: FEAT-108 | B20: In-App Billing & Invoice History | C20: 55 | D20: 9 | E20: 6.5 | F20: =(C20*$B$6)+(D20*$C$6)+(E20*$D$6) | G20: =RANK(F20, $F$13:$F$22) | H20: =(C20*$B$7)+(D20*$C$7)+(E20*$D$7) | I20: =RANK(H20, $H$13:$H$22) | J20: =(C20*$B$8)+(D20*$C$8)+(E20*$D$8) | K20: =RANK(J20, $J$13:$J$22) | L20: =(C20*$B$9)+(D20*$C$9)+(E20*$D$9) | M20: =RANK(L20, $L$13:$L$22)
A21: FEAT-109 | B21: Multi-Language Support | C21: 62 | D21: 6 | E21: 8.2 | F21: =(C21*$B$6)+(D21*$C$6)+(E21*$D$6) | G21: =RANK(F21, $F$13:$F$22) | H21: =(C21*$B$7)+(D21*$C$7)+(E21*$D$7) | I21: =RANK(H21, $H$13:$H$22) | J21: =(C21*$B$8)+(D21*$C$8)+(E21*$D$8) | K21: =RANK(J21, $J$13:$J$22) | L21: =(C21*$B$9)+(D21*$C$9)+(E21*$D$9) | M21: =RANK(L21, $L$13:$L$22)
A22: FEAT-110 | B22: Bulk User Import/Export | C22: 40 | D22: 7 | E22: 5 | F22: =(C22*$B$6)+(D22*$C$6)+(E22*$D$6) | G22: =RANK(F22, $F$13:$F$22) | H22: =(C22*$B$7)+(D22*$C$7)+(E22*$D$7) | I22: =RANK(H22, $H$13:$H$22) | J22: =(C22*$B$8)+(D22*$C$8)+(E22*$D$8) | K22: =RANK(J22, $J$13:$J$22) | L22: =(C22*$B$9)+(D22*$C$9)+(E22*$D$9) | M22: =RANK(L22, $L$13:$L$22)

Sheet Executive Summary
A1: Executive Scenario Comparison Dashboard
A2: Summary of priority rankings across scenarios and visual score trade-offs.
A4: Feature Ranking Across Scenarios
A5: Feature Name | B5: Default Rank | C5: Customer-First Rank | D5: Business-First Rank | E5: Balanced Mix Rank | F5: Max Rank Shift
A6: ='What-If Analysis'!B13 | B6: ='What-If Analysis'!G13 | C6: ='What-If Analysis'!I13 | D6: ='What-If Analysis'!K13 | E6: ='What-If Analysis'!M13 | F6: =MAX(B6:E6)-MIN(B6:E6)
A7: ='What-If Analysis'!B14 | B7: ='What-If Analysis'!G14 | C7: ='What-If Analysis'!I14 | D7: ='What-If Analysis'!K14 | E7: ='What-If Analysis'!M14 | F7: =MAX(B7:E7)-MIN(B7:E7)
A8: ='What-If Analysis'!B15 | B8: ='What-If Analysis'!G15 | C8: ='What-If Analysis'!I15 | D8: ='What-If Analysis'!K15 | E8: ='What-If Analysis'!M15 | F8: =MAX(B8:E8)-MIN(B8:E8)
A9: ='What-If Analysis'!B16 | B9: ='What-If Analysis'!G16 | C9: ='What-If Analysis'!I16 | D9: ='What-If Analysis'!K16 | E9: ='What-If Analysis'!M16 | F9: =MAX(B9:E9)-MIN(B9:E9)
A10: ='What-If Analysis'!B17 | B10: ='What-If Analysis'!G17 | C10: ='What-If Analysis'!I17 | D10: ='What-If Analysis'!K17 | E10: ='What-If Analysis'!M17 | F10: =MAX(B10:E10)-MIN(B10:E10)
A11: ='What-If Analysis'!B18 | B11: ='What-If Analysis'!G18 | C11: ='What-If Analysis'!I18 | D11: ='What-If Analysis'!K18 | E11: ='What-If Analysis'!M18 | F11: =MAX(B11:E11)-MIN(B11:E11)
A12: ='What-If Analysis'!B19 | B12: ='What-If Analysis'!G19 | C12: ='What-If Analysis'!I19 | D12: ='What-If Analysis'!K19 | E12: ='What-If Analysis'!M19 | F12: =MAX(B12:E12)-MIN(B12:E12)
A13: ='What-If Analysis'!B20 | B13: ='What-If Analysis'!G20 | C13: ='What-If Analysis'!I20 | D13: ='What-If Analysis'!K20 | E13: ='What-If Analysis'!M20 | F13: =MAX(B13:E13)-MIN(B13:E13)
A14: ='What-If Analysis'!B21 | B14: ='What-If Analysis'!G21 | C14: ='What-If Analysis'!I21 | D14: ='What-If Analysis'!K21 | E14: ='What-If Analysis'!M21 | F14: =MAX(B14:E14)-MIN(B14:E14)
A15: ='What-If Analysis'!B22 | B15: ='What-If Analysis'!G22 | C15: ='What-If Analysis'!I22 | D15: ='What-If Analysis'!K22 | E15: ='What-If Analysis'!M22 | F15: =MAX(B15:E15)-MIN(B15:E15)
