Workbook

Sheet Feedback Data
A1: Feedback ID | B1: Feedback Text | C1: Feature | D1: Roadmap Linked? | E1: Category | F1: Sentiment | G1: Priority | H1: Planned Release
A2: FB001 | B2: Add bulk export | C2: Bulk Export | D2: Yes | E2: Feature | F2: Positive | G2: High | H2: Q1
A3: FB002 | B3: Dark mode issue | C3: Dark Mode | D3: Yes | E3: UI/UX | F3: Negative | G3: Medium | H3: Q2
A4: FB003 | B4: Search is slow | C4: Search | D4: Yes | E4: Bug | F4: Negative | G4: High | H4: Q1
A5: FB004 | B5: Mobile app requested | C5: Mobile App | D5: No | E5: Feature | F5: Neutral | G5: High | H5: Q3
A6: FB005 | B6: Dashboard alignment issue | C6: Dashboard | D6: No | E6: UI/UX | F6: Negative | G6: Medium | H6: Q2
A7: FB006 | B7: Export should support PDF | C7: Bulk Export | D7: Yes | E7: Feature | F7: Positive | G7: High | H7: Q1
A8: FB007 | B8: Search filters missing | C8: Search | D8: Yes | E8: Feature | F8: Positive | G8: Medium | H8: Q1
A9: FB008 | B9: Login crashes | C9: Authentication | D9: Yes | E9: Bug | F9: Negative | G9: High | H9: Q2
A10: FB009 | B10: Improve button layout | C10: Dashboard | D10: No | E10: UI/UX | F10: Neutral | G10: Low | H10: Q3
A11: FB010 | B11: Need notifications | C11: Notifications | D11: No | E11: Feature | F11: Positive | G11: Medium | H11: Q3

Sheet Dashboard
A1: STEP 5: ROADMAP ALIGNMENT DASHBOARD
A2: Customer Feedback vs Roadmap Alignment
A4: % FEEDBACK ALIGNED | E4: TOTAL FEATURES REQUESTED | I4: SENTIMENT SCORE
A5: =IFERROR(COUNTIF('Feedback Data'!D2:D1001,"Yes")/COUNTA('Feedback Data'!A2:A1001),0) | E5: =SUMPRODUCT(('Feedback Data'!C2:C1001<>"")/COUNTIF('Feedback Data'!C2:C1001,'Feedback Data'!C2:C1001&"")) | I5: =IFERROR((COUNTIF('Feedback Data'!F2:F1001,"Positive")/COUNTA('Feedback Data'!A2:A1001)*100)-(COUNTIF('Feedback Data'!F2:F1001,"Negative")/COUNTA('Feedback Data'!A2:A1001)*100),0)
A9: Top Features Requested | D9: Category Distribution | G9: Roadmap Features vs Feedback Priority
A10: Feature | B10: Feedback Count | D10: Category | E10: Count | G10: Feature | H10: Low | I10: Medium | J10: High
A11: Bulk Export | B11: =COUNTIF('Feedback Data'!C$2:C$1001,A11) | D11: Bug | E11: =COUNTIF('Feedback Data'!E$2:E$1001,D11) | G11: Bulk Export | H11: =COUNTIFS('Feedback Data'!C$2:C$1001,$G11,'Feedback Data'!G$2:G$1001,H$10) | I11: =COUNTIFS('Feedback Data'!C$2:C$1001,$G11,'Feedback Data'!G$2:G$1001,I$10) | J11: =COUNTIFS('Feedback Data'!C$2:C$1001,$G11,'Feedback Data'!G$2:G$1001,J$10)
A12: Search | B12: =COUNTIF('Feedback Data'!C$2:C$1001,A12) | D12: Feature | E12: =COUNTIF('Feedback Data'!E$2:E$1001,D12) | G12: Search | H12: =COUNTIFS('Feedback Data'!C$2:C$1001,$G12,'Feedback Data'!G$2:G$1001,H$10) | I12: =COUNTIFS('Feedback Data'!C$2:C$1001,$G12,'Feedback Data'!G$2:G$1001,I$10) | J12: =COUNTIFS('Feedback Data'!C$2:C$1001,$G12,'Feedback Data'!G$2:G$1001,J$10)
A13: Dashboard | B13: =COUNTIF('Feedback Data'!C$2:C$1001,A13) | D13: UI/UX | E13: =COUNTIF('Feedback Data'!E$2:E$1001,D13) | G13: Dashboard | H13: =COUNTIFS('Feedback Data'!C$2:C$1001,$G13,'Feedback Data'!G$2:G$1001,H$10) | I13: =COUNTIFS('Feedback Data'!C$2:C$1001,$G13,'Feedback Data'!G$2:G$1001,I$10) | J13: =COUNTIFS('Feedback Data'!C$2:C$1001,$G13,'Feedback Data'!G$2:G$1001,J$10)
A14: Dark Mode | B14: =COUNTIF('Feedback Data'!C$2:C$1001,A14) | G14: Dark Mode | H14: =COUNTIFS('Feedback Data'!C$2:C$1001,$G14,'Feedback Data'!G$2:G$1001,H$10) | I14: =COUNTIFS('Feedback Data'!C$2:C$1001,$G14,'Feedback Data'!G$2:G$1001,I$10) | J14: =COUNTIFS('Feedback Data'!C$2:C$1001,$G14,'Feedback Data'!G$2:G$1001,J$10)
A15: Authentication | B15: =COUNTIF('Feedback Data'!C$2:C$1001,A15) | G15: Authentication | H15: =COUNTIFS('Feedback Data'!C$2:C$1001,$G15,'Feedback Data'!G$2:G$1001,H$10) | I15: =COUNTIFS('Feedback Data'!C$2:C$1001,$G15,'Feedback Data'!G$2:G$1001,I$10) | J15: =COUNTIFS('Feedback Data'!C$2:C$1001,$G15,'Feedback Data'!G$2:G$1001,J$10)
A16: Mobile App | B16: =COUNTIF('Feedback Data'!C$2:C$1001,A16) | G16: Mobile App | H16: =COUNTIFS('Feedback Data'!C$2:C$1001,$G16,'Feedback Data'!G$2:G$1001,H$10) | I16: =COUNTIFS('Feedback Data'!C$2:C$1001,$G16,'Feedback Data'!G$2:G$1001,I$10) | J16: =COUNTIFS('Feedback Data'!C$2:C$1001,$G16,'Feedback Data'!G$2:G$1001,J$10)
A17: Notifications | B17: =COUNTIF('Feedback Data'!C$2:C$1001,A17) | G17: Notifications | H17: =COUNTIFS('Feedback Data'!C$2:C$1001,$G17,'Feedback Data'!G$2:G$1001,H$10) | I17: =COUNTIFS('Feedback Data'!C$2:C$1001,$G17,'Feedback Data'!G$2:G$1001,I$10) | J17: =COUNTIFS('Feedback Data'!C$2:C$1001,$G17,'Feedback Data'!G$2:G$1001,J$10)
A20: Release Timeline | E20: Unaligned Feedback Items
A21: Release | B21: Feedback Count | C21: Roadmap-Aligned | F21: ID | G21: Feedback | H21: Feature | I21: Category | J21: Priority
A22: Q1 | B22: =COUNTIF('Feedback Data'!H$2:H$1001,A22) | C22: =COUNTIFS('Feedback Data'!H$2:H$1001,A22,'Feedback Data'!D$2:D$1001,"Yes") | F22: =FILTER('Feedback Data'!A2:E1001,'Feedback Data'!D2:D1001="No","No unaligned feedback")
A23: Q2 | B23: =COUNTIF('Feedback Data'!H$2:H$1001,A23) | C23: =COUNTIFS('Feedback Data'!H$2:H$1001,A23,'Feedback Data'!D$2:D$1001,"Yes")
A24: Q3 | B24: =COUNTIF('Feedback Data'!H$2:H$1001,A24) | C24: =COUNTIFS('Feedback Data'!H$2:H$1001,A24,'Feedback Data'!D$2:D$1001,"Yes")

Sheet Exact Prompt
A1: Exact Prompt
A3: Suggest a Power BI dashboard layout for customer feedback & roadmap alignment with KPIs, bar chart, heatmap, and release timeline.

Sheet Dashboard Guide
A1: How to Use the Dashboard
A3: 1. Open the Feedback Data sheet and replace the sample rows with your actual customer feedback.
A4: 2. Keep the category values as Bug, Feature, or UI/UX.
A5: 3. Keep Roadmap Linked? as Yes or No.
A6: 4. Keep Priority as Low, Medium, or High.
A7: 5. Use Q1, Q2, or Q3 in Planned Release.
A8: 6. Open the Dashboard sheet. KPI values, tables, heatmap, and charts update from the data.
A9: 7. For Power BI, import the Feedback Data sheet and recreate the same visual layout.
A10: 8. The Unaligned Feedback section uses Excel 365 FILTER; in older Excel versions, filter the Feedback Data table by Roadmap Linked? = No.
